,Company Name,Job Title,Location,Website URL
0,Technofactorx AI,Python Developer (Fresh Graduate)-,India,https://in.linkedin.com/jobs/view/python-developer-fresh-graduate-at-technofactorx-ai-3812624216?refId=3g2ulboN39fcvbOvldY2%2FA%3D%3D&trackingId=lp4tMu%2FZcTy0HymQfHbMhw%3D%3D&position=1&pageNum=0&trk=public_jobs_jserp-result_search-card
1,Zithas Technologies,Junior Python Developer,"Vadodara, Gujarat, India",https://in.linkedin.com/jobs/view/junior-python-developer-at-zithas-technologies-3815795270?refId=3g2ulboN39fcvbOvldY2%2FA%3D%3D&trackingId=KmT8R42yPLTyDC24uG9RzQ%3D%3D&position=2&pageNum=0&trk=public_jobs_jserp-result_search-card
2,Geektrust,Python Backend Developer,"Bengaluru, Karnataka, India",https://in.linkedin.com/jobs/view/python-backend-developer-at-geektrust-3809008239?refId=3g2ulboN39fcvbOvldY2%2FA%3D%3D&trackingId=spMWHA3WDC%2FcCaI52L0Y9Q%3D%3D&position=3&pageNum=0&trk=public_jobs_jserp-result_search-card
3,Bluebix Solutions,Python Developer,"Hyderabad, Telangana, India",https://in.linkedin.com/jobs/view/python-developer-at-bluebix-solutions-3815118654?refId=3g2ulboN39fcvbOvldY2%2FA%3D%3D&trackingId=QYGA5pzaTA2Qt1JttghElA%3D%3D&position=4&pageNum=0&trk=public_jobs_jserp-result_search-card
4,PloPdo,Junior Python Developer,"Noida, Uttar Pradesh, India",https://in.linkedin.com/jobs/view/junior-python-developer-at-plopdo-3814680679?refId=3g2ulboN39fcvbOvldY2%2FA%3D%3D&trackingId=iX2g09t11vO9E309ggO3WA%3D%3D&position=5&pageNum=0&trk=public_jobs_jserp-result_search-card
5,TechLadd,Python Developer,"Pune, Maharashtra, India",https://in.linkedin.com/jobs/view/python-developer-at-techladd-3814329365?refId=3g2ulboN39fcvbOvldY2%2FA%3D%3D&trackingId=r3IfMnA%2BHn0pgvdRCLow2A%3D%3D&position=6&pageNum=0&trk=public_jobs_jserp-result_search-card
6,Whacked Out Â® Media Pte. Ltd.,Python Developer,"Hyderabad, Telangana, India",https://in.linkedin.com/jobs/view/python-developer-at-whacked-out-%C2%AE-media-pte-ltd-3815119522?refId=3g2ulboN39fcvbOvldY2%2FA%3D%3D&trackingId=rHXTD13oM4yR5JrAMv%2BQAA%3D%3D&position=7&pageNum=0&trk=public_jobs_jserp-result_search-card
7,Fusion Plus Solutions Inc,Python Developer - Vihaan,"Hyderabad, Telangana, India",https://in.linkedin.com/jobs/view/python-developer-vihaan-at-fusion-plus-solutions-inc-3812004660?refId=3g2ulboN39fcvbOvldY2%2FA%3D%3D&trackingId=W6ZFIuHIPJTIWaCc%2FsCX8A%3D%3D&position=8&pageNum=0&trk=public_jobs_jserp-result_search-card
8,Wipro,Python Developer,"Hyderabad, Telangana, India",https://in.linkedin.com/jobs/view/python-developer-at-wipro-3799070239?refId=3g2ulboN39fcvbOvldY2%2FA%3D%3D&trackingId=EpLee3ZGt0%2B9JaeBGuv5nQ%3D%3D&position=9&pageNum=0&trk=public_jobs_jserp-result_search-card
9,futuremug,Python Developer Jr,"Kochi, Kerala, India",https://in.linkedin.com/jobs/view/python-developer-jr-at-futuremug-3815797123?refId=3g2ulboN39fcvbOvldY2%2FA%3D%3D&trackingId=lPGsFsF%2BqQle2QyU8HqjwQ%3D%3D&position=10&pageNum=0&trk=public_jobs_jserp-result_search-card
10,Razormet Technologies,Python Developer Trainee/Intern,"Hubli, Karnataka, India",https://in.linkedin.com/jobs/view/python-developer-trainee-intern-at-razormet-technologies-3816488930?refId=3g2ulboN39fcvbOvldY2%2FA%3D%3D&trackingId=pVUmx6po%2BW%2F0LRkNiP18xg%3D%3D&position=11&pageNum=0&trk=public_jobs_jserp-result_search-card
11,Razormet Technologies,Python Developer Trainee/Intern,"Thiruvananthapuram, Kerala, India",https://in.linkedin.com/jobs/view/python-developer-trainee-intern-at-razormet-technologies-3816489920?refId=3g2ulboN39fcvbOvldY2%2FA%3D%3D&trackingId=QAe%2BbFGx1IcW7obssdcvTQ%3D%3D&position=12&pageNum=0&trk=public_jobs_jserp-result_search-card
12,Genpact,Python Developer,"Bengaluru, Karnataka, India",https://in.linkedin.com/jobs/view/python-developer-at-genpact-3811742982?refId=3g2ulboN39fcvbOvldY2%2FA%3D%3D&trackingId=MXXoIJxEkxIjO9mA6uJR%2Fw%3D%3D&position=13&pageNum=0&trk=public_jobs_jserp-result_search-card
13,Razormet Technologies,Python Developer Trainee/Intern,"Guwahati, Assam, India",https://in.linkedin.com/jobs/view/python-developer-trainee-intern-at-razormet-technologies-3816491703?refId=3g2ulboN39fcvbOvldY2%2FA%3D%3D&trackingId=xfpWqGsVlpnHrBE%2BxqKiQw%3D%3D&position=14&pageNum=0&trk=public_jobs_jserp-result_search-card
14,Braincuber Technologies,Python Developer,"Surat, Gujarat, India",https://in.linkedin.com/jobs/view/python-developer-at-braincuber-technologies-3815117776?refId=3g2ulboN39fcvbOvldY2%2FA%3D%3D&trackingId=jnGax6GIvNGiaQZgp2FS%2Fw%3D%3D&position=15&pageNum=0&trk=public_jobs_jserp-result_search-card
15,HR Aspiration,Python Developer,"Bengaluru, Karnataka, India",https://in.linkedin.com/jobs/view/python-developer-at-hr-aspiration-3814343226?refId=3g2ulboN39fcvbOvldY2%2FA%3D%3D&trackingId=HumC5S9TQBvKQVlZ7IBk4g%3D%3D&position=16&pageNum=0&trk=public_jobs_jserp-result_search-card
16,ExpertXai Technologies,Python Developer (2023-24 Batch),India,https://in.linkedin.com/jobs/view/python-developer-2023-24-batch-at-expertxai-technologies-3816559628?refId=3g2ulboN39fcvbOvldY2%2FA%3D%3D&trackingId=MrFV897SqVCrzetkAs4CzQ%3D%3D&position=17&pageNum=0&trk=public_jobs_jserp-result_search-card
17,PloPdo,Python Developer,"Bengaluru, Karnataka, India",https://in.linkedin.com/jobs/view/python-developer-at-plopdo-3814680341?refId=3g2ulboN39fcvbOvldY2%2FA%3D%3D&trackingId=oEAgxlxQkkzMdGYnq2h%2FpQ%3D%3D&position=18&pageNum=0&trk=public_jobs_jserp-result_search-card
18,Matrix Marketers,Python Developer - Django/Flask,"Chandigarh, Chandigarh, India",https://in.linkedin.com/jobs/view/python-developer-django-flask-at-matrix-marketers-3810640974?refId=3g2ulboN39fcvbOvldY2%2FA%3D%3D&trackingId=5hXk5QubAk0s6vsEqhAO9A%3D%3D&position=19&pageNum=0&trk=public_jobs_jserp-result_search-card
19,Fynd (Shopsense Retail Technologies Ltd.),Backend Python Developer | SDE - 1 / SDE - 2,"Mumbai, Maharashtra, India",https://in.linkedin.com/jobs/view/backend-python-developer-sde-1-sde-2-at-fynd-shopsense-retail-technologies-ltd-3815115991?refId=3g2ulboN39fcvbOvldY2%2FA%3D%3D&trackingId=HTWwCuEdwhHnw%2Bt5jBPS%2Bw%3D%3D&position=20&pageNum=0&trk=public_jobs_jserp-result_search-card
20,Fusion Plus Solutions Inc,Python developer,"Hyderabad, Telangana, India",https://in.linkedin.com/jobs/view/python-developer-at-fusion-plus-solutions-inc-3808368785?refId=3g2ulboN39fcvbOvldY2%2FA%3D%3D&trackingId=tVYcfajUOVJC3IWmIe%2Fzvg%3D%3D&position=21&pageNum=0&trk=public_jobs_jserp-result_search-card
21,KamalDhari Infotech,Python Developer,"Surat, Gujarat, India",https://in.linkedin.com/jobs/view/python-developer-at-kamaldhari-infotech-3815117795?refId=3g2ulboN39fcvbOvldY2%2FA%3D%3D&trackingId=S5uceZuw2l5R6CuebEYGRw%3D%3D&position=22&pageNum=0&trk=public_jobs_jserp-result_search-card
22,Birlasoft,Python Developer,"Noida, Uttar Pradesh, India",https://in.linkedin.com/jobs/view/python-developer-at-birlasoft-3815751947?refId=3g2ulboN39fcvbOvldY2%2FA%3D%3D&trackingId=i7j0S5PEYU%2BmAzDQaWHhYQ%3D%3D&position=23&pageNum=0&trk=public_jobs_jserp-result_search-card
23,Rapid Consulting Services,Python Developer,"Hyderabad, Telangana, India",https://in.linkedin.com/jobs/view/python-developer-at-rapid-consulting-services-3815121243?refId=3g2ulboN39fcvbOvldY2%2FA%3D%3D&trackingId=YBvSjh6Azlc7y%2FtmFm88wA%3D%3D&position=24&pageNum=0&trk=public_jobs_jserp-result_search-card
24,Sacumen,Python Developer,"Mangaluru, Karnataka, India",https://in.linkedin.com/jobs/view/python-developer-at-sacumen-3815115949?refId=3g2ulboN39fcvbOvldY2%2FA%3D%3D&trackingId=fL4N%2F%2BGF1xWPYabcIz4urA%3D%3D&position=25&pageNum=0&trk=public_jobs_jserp-result_search-card
25,Ericsson,Python Developer,"Bengaluru, Karnataka, India",https://in.linkedin.com/jobs/view/python-developer-at-ericsson-3809666013?refId=9eUx91zz37dFXIz%2BGqwDwg%3D%3D&trackingId=ljdj1LOJqTB2T8fpdFDn3A%3D%3D&position=1&pageNum=1&trk=public_jobs_jserp-result_search-card
26,Ericsson,Python Developer,"Bengaluru, Karnataka, India",https://in.linkedin.com/jobs/view/python-developer-at-ericsson-3809663149?refId=9eUx91zz37dFXIz%2BGqwDwg%3D%3D&trackingId=xBXqC3LkeyeKcpTkQGYzSQ%3D%3D&position=2&pageNum=1&trk=public_jobs_jserp-result_search-card
27,Creospan Inc.,Python Developer,"Pune, Maharashtra, India",https://in.linkedin.com/jobs/view/python-developer-at-creospan-inc-3811201915?refId=9eUx91zz37dFXIz%2BGqwDwg%3D%3D&trackingId=t0NfLzm0%2B1NV48FM2UR7Qw%3D%3D&position=3&pageNum=1&trk=public_jobs_jserp-result_search-card
28,HTC Global Services,Python Developer,"Chennai, Tamil Nadu, India",https://in.linkedin.com/jobs/view/python-developer-at-htc-global-services-3809616636?refId=9eUx91zz37dFXIz%2BGqwDwg%3D%3D&trackingId=0%2BhaBb1RPf8YzwTI3qOrFw%3D%3D&position=4&pageNum=1&trk=public_jobs_jserp-result_search-card
29,LTIMindtree,Python + R Developer & Machine Learning,"Maharashtra, India",https://in.linkedin.com/jobs/view/python-%2B-r-developer-machine-learning-at-ltimindtree-3812176511?refId=9eUx91zz37dFXIz%2BGqwDwg%3D%3D&trackingId=ceCk15kRdAORcLw4P5Wmgg%3D%3D&position=5&pageNum=1&trk=public_jobs_jserp-result_search-card
30,InfraCloud Technologies,Python Developer,India,https://in.linkedin.com/jobs/view/python-developer-at-infracloud-technologies-3812165133?refId=9eUx91zz37dFXIz%2BGqwDwg%3D%3D&trackingId=XHRwacccr6E54s9EcFFYvQ%3D%3D&position=6&pageNum=1&trk=public_jobs_jserp-result_search-card
31,Virtusa,Python Java Developer,"Bangalore Urban, Karnataka, India",https://in.linkedin.com/jobs/view/python-java-developer-at-virtusa-3783647969?refId=9eUx91zz37dFXIz%2BGqwDwg%3D%3D&trackingId=yscik2dRouQwoF3cjbtuMQ%3D%3D&position=7&pageNum=1&trk=public_jobs_jserp-result_search-card
32,Siemens,Python Developer,"Chennai, Tamil Nadu, India",https://in.linkedin.com/jobs/view/python-developer-at-siemens-3781703084?refId=9eUx91zz37dFXIz%2BGqwDwg%3D%3D&trackingId=KAmVbXBAyKnF%2F14bDF5%2Fbg%3D%3D&position=8&pageNum=1&trk=public_jobs_jserp-result_search-card
33,Element8,Python Django Developer,"Kozhikode, Kerala, India",https://in.linkedin.com/jobs/view/python-django-developer-at-element8-3812740895?refId=9eUx91zz37dFXIz%2BGqwDwg%3D%3D&trackingId=tJekxxii1HZtERLNFJ5SQw%3D%3D&position=9&pageNum=1&trk=public_jobs_jserp-result_search-card
34,Capleo Global,Python Developer,"Hyderabad, Telangana, India",https://in.linkedin.com/jobs/view/python-developer-at-capleo-global-3810180232?refId=9eUx91zz37dFXIz%2BGqwDwg%3D%3D&trackingId=7dbl8%2Br62XaPTHL8W6SKNQ%3D%3D&position=10&pageNum=1&trk=public_jobs_jserp-result_search-card
35,Innovatily,Innovatily - Python Developer - Artificial Intelligence/Machine Learning,"Bengaluru, Karnataka, India",https://in.linkedin.com/jobs/view/innovatily-python-developer-artificial-intelligence-machine-learning-at-innovatily-3809004885?refId=9eUx91zz37dFXIz%2BGqwDwg%3D%3D&trackingId=GFGkV1bPDoyBR9%2BIuKgHgA%3D%3D&position=11&pageNum=1&trk=public_jobs_jserp-result_search-card
36,Career One Stop,Python Developer-Contract,India,https://in.linkedin.com/jobs/view/python-developer-contract-at-career-one-stop-3813464890?refId=9eUx91zz37dFXIz%2BGqwDwg%3D%3D&trackingId=rTC8DX33Vw39ha%2FbEz%2BASg%3D%3D&position=12&pageNum=1&trk=public_jobs_jserp-result_search-card
37,HTC Global Services,Python Developer,"Chennai, Tamil Nadu, India",https://in.linkedin.com/jobs/view/python-developer-at-htc-global-services-3809620476?refId=9eUx91zz37dFXIz%2BGqwDwg%3D%3D&trackingId=wv1l4zABkifAtibL3VDmew%3D%3D&position=13&pageNum=1&trk=public_jobs_jserp-result_search-card
38,Tamcherry - Zaportiv,Python Automation Developer,Greater Kolkata Area,https://in.linkedin.com/jobs/view/python-automation-developer-at-tamcherry-zaportiv-3812838248?refId=9eUx91zz37dFXIz%2BGqwDwg%3D%3D&trackingId=FzO6MIDak%2BFEcaC7buF7aA%3D%3D&position=14&pageNum=1&trk=public_jobs_jserp-result_search-card
39,hackajob,Python Developer,"Chennai, Tamil Nadu, India",https://in.linkedin.com/jobs/view/python-developer-at-hackajob-3817032184?refId=9eUx91zz37dFXIz%2BGqwDwg%3D%3D&trackingId=KSLLzh%2BJhAVEpQNqwrKaxg%3D%3D&position=15&pageNum=1&trk=public_jobs_jserp-result_search-card
40,Steady Rabbit,Artificial Intelligence Engineer - Python Programming,Greater Kolkata Area,https://in.linkedin.com/jobs/view/artificial-intelligence-engineer-python-programming-at-steady-rabbit-3809009145?refId=9eUx91zz37dFXIz%2BGqwDwg%3D%3D&trackingId=coF0GZwli%2BubwSY1dhr9Kg%3D%3D&position=16&pageNum=1&trk=public_jobs_jserp-result_search-card
41,ms.tech project service,Python Developer,India,https://in.linkedin.com/jobs/view/python-developer-at-ms-tech-project-service-3809623159?refId=9eUx91zz37dFXIz%2BGqwDwg%3D%3D&trackingId=Dml0R07jStZnoT9CklllKg%3D%3D&position=17&pageNum=1&trk=public_jobs_jserp-result_search-card
42,HighPoints Technologies India (P) Ltd,Python Developer,"Gurugram, Haryana, India",https://in.linkedin.com/jobs/view/python-developer-at-highpoints-technologies-india-p-ltd-3809634463?refId=9eUx91zz37dFXIz%2BGqwDwg%3D%3D&trackingId=LfcBR7j%2BoMionimoxpwhaQ%3D%3D&position=18&pageNum=1&trk=public_jobs_jserp-result_search-card
43,EY,DET_RCE_Python_Developer_GDSF02,"Bengaluru, Karnataka, India",https://in.linkedin.com/jobs/view/det-rce-python-developer-gdsf02-at-ey-3814383458?refId=9eUx91zz37dFXIz%2BGqwDwg%3D%3D&trackingId=hPXfvXEqaOkaj4ybmTGY%2FA%3D%3D&position=19&pageNum=1&trk=public_jobs_jserp-result_search-card
44,Universal Software,Python Developer,"Ahmedabad, Gujarat, India",https://in.linkedin.com/jobs/view/python-developer-at-universal-software-3815778077?refId=9eUx91zz37dFXIz%2BGqwDwg%3D%3D&trackingId=PeLDdpy6RIC5CsvRf96mwg%3D%3D&position=20&pageNum=1&trk=public_jobs_jserp-result_search-card
45,Wasserstoff,Backend Developer - Python/Java - Internship,"Gurugram, Haryana, India",https://in.linkedin.com/jobs/view/backend-developer-python-java-internship-at-wasserstoff-3810644271?refId=9eUx91zz37dFXIz%2BGqwDwg%3D%3D&trackingId=OdjaLrBxPsANVpOFvExKRw%3D%3D&position=21&pageNum=1&trk=public_jobs_jserp-result_search-card
46,Pramana,Software Engineer - Python,"Bengaluru, Karnataka, India",https://in.linkedin.com/jobs/view/software-engineer-python-at-pramana-3810686551?refId=9eUx91zz37dFXIz%2BGqwDwg%3D%3D&trackingId=b5LNG%2BQBq9Z5qzOFUBn6oA%3D%3D&position=22&pageNum=1&trk=public_jobs_jserp-result_search-card
47,marcus evans Group,Python Developer,"Mumbai, Maharashtra, India",https://in.linkedin.com/jobs/view/python-developer-at-marcus-evans-group-3811740896?refId=9eUx91zz37dFXIz%2BGqwDwg%3D%3D&trackingId=H1x4TsIAe8jW%2BHc63wRFQg%3D%3D&position=23&pageNum=1&trk=public_jobs_jserp-result_search-card
48,Citi,Python Developer - C10,"Mumbai, Maharashtra, India",https://in.linkedin.com/jobs/view/python-developer-c10-at-citi-3798889645?refId=9eUx91zz37dFXIz%2BGqwDwg%3D%3D&trackingId=2ewG1Np58yWIX9lHcLxiew%3D%3D&position=24&pageNum=1&trk=public_jobs_jserp-result_search-card
